fecha,ticker,nombre,grupo,marco,disparo,pasa_filtro,entrada_ref,stop,objetivo1,objetivo2,rr,puntuacion,vol_trampa,n_confirmaciones,fecha_techo,seleccionada,puntuacion2,calidad,fecha_entrada,entrada,riesgo_pct,mfe_R,mae_R,toco_obj1,fija_estado,fija_R,fija_sesiones,ges_estado,ges_R,ges_stop_actual,seg_estado,seg_R,seg_stop_actual,estado,fija_motivo,fija_salida,ges_motivo,ges_salida,ges_sesiones,seg_salida,seg_sesiones
2026-10-05,ADI,Analog Devices,sp500/nasdaq100,W,ruptura de directriz (sin R/R),False,419.1,341.5947,444.5555,637.1899,2.81,28.1,False,3,2026-06-26,False,,1,2026-10-06,421.0799865722656,18.876529188504758,0.020004040043601595,-0.27099327380244453,False,abierta,-0.18733006790284198,4.0,abierta,-0.18733006790284198,341.5947,abierta,-0.18733006790284198,341.5947,abierta,,,,,,,
2026-10-05,AMAT,Applied Materials,sp500/nasdaq100,W,ruptura de directriz (sin R/R),False,542.28,397.9453,738.8799,1028.0302,3.37,50.8,False,3,2026-07-03,False,,0,2026-10-06,546.0,27.116245421245427,0.0,-0.2927972303717181,False,abierta,-0.2632135367583948,4.0,abierta,-0.2632135367583948,397.9453,abierta,-0.2632135367583948,397.9453,abierta,,,,,,,
2026-10-05,BRK-B,Berkshire Hathaway,sp500,D,recuperación del nivel barrido con volumen,True,504.26,494.5424,537.74,569.41,6.7,59.0,True,3,2026-08-10,False,,2,2026-10-06,504.3399963378906,1.942657018882671,1.2482664690961507,-0.05715662691960975,False,abierta,1.1513026654990144,4.0,abierta,1.1513026654990144,504.3399963378906,abierta,1.1513026654990144,494.5424,abierta,,,,,,,
2026-10-05,BNY,BNY Mellon,sp500,D,recuperación del nivel barrido con volumen,True,143.75,140.1839,165.84,177.106,9.35,54.0,True,3,2026-09-04,False,,2,2026-10-06,144.11000061035156,2.7243776238451787,0.1859340348065339,-0.8532654753377917,False,abierta,-0.3565863525741411,4.0,abierta,-0.3565863525741411,140.1839,abierta,-0.3565863525741411,140.1839,abierta,,,,,,,
2026-10-05,CAT,Caterpillar Inc.,sp500,W,ruptura de directriz,True,848.14,757.4769,1071.4723,1580.1787,8.07,59.0,False,3,2026-07-03,False,,0,2026-10-06,853.0,11.198487690504102,0.25072482160892234,-0.6711464070111052,False,abierta,-0.5499196455818017,4.0,abierta,-0.5499196455818017,757.4769,abierta,-0.5499196455818017,757.4769,abierta,,,,,,,
2026-10-05,CHD,Church & Dwight,sp500,D,recuperación del nivel barrido con volumen,True,95.66,92.9285,103.9929,107.5488,4.35,48.8,True,4,2026-08-06,False,,2,2026-10-06,96.12999725341797,3.3303831737123426,0.6715612589026996,-0.04685117137746695,False,abierta,0.6184616759610557,4.0,abierta,0.6184616759610557,92.9285,abierta,0.6184616759610557,92.9285,abierta,,,,,,,
2026-10-05,COP,ConocoPhillips,sp500,D,ruptura de directriz,True,128.4,123.4242,141.62,163.0704,6.97,69.0,False,3,2026-09-15,False,,1,2026-10-06,128.19000244140625,3.7177645297141084,1.546644513256545,-0.08603035210758647,False,abierta,1.2400857431189496,4.0,abierta,1.2400857431189496,128.19000244140625,abierta,1.2400857431189496,123.4242,abierta,,,,,,,
2026-10-05,GLW,Corning Inc.,sp500,W,ruptura de directriz (sin R/R),False,159.37,108.6801,271.2692,348.9233,3.74,42.7,True,3,2026-07-03,False,,0,2026-10-06,161.00999450683594,32.5010224782128,0.18383393405694493,-0.19243287532548395,False,abierta,-0.08274432562613043,4.0,abierta,-0.08274432562613043,108.6801,abierta,-0.08274432562613043,108.6801,abierta,,,,,,,
2026-10-05,CPAY,Corpay,sp500,D,ruptura de directriz,True,401.72,384.896,427.46,515.23,6.75,59.0,False,3,2026-09-03,False,,1,2026-10-06,403.5299987792969,4.617748082092002,0.21412420820849487,-0.5452401163295962,False,abierta,-0.30106180739881905,4.0,abierta,-0.30106180739881905,384.896,abierta,-0.30106180739881905,384.896,abierta,,,,,,,
2026-10-05,DDOG,Datadog,sp500/nasdaq100,W,ruptura de directriz (sin R/R),False,276.415,196.2568,292.72,414.33,1.72,32.6,False,3,2026-08-07,False,,0,2026-10-06,278.0,29.404028776978418,0.19573493575000733,-0.10545213690175452,True,abierta,0.18668231443869338,4.0,abierta,0.18668231443869338,196.2568,abierta,0.18668231443869338,278.0,abierta,,,,,,,
2026-10-05,DE,Deere & Company,sp500,D,ruptura de directriz,True,682.2,639.7071,719.5031,850.968,3.97,43.9,False,3,2026-09-23,False,,0,2026-10-06,684.0999755859375,6.489238001786895,0.19665411146899645,-1.0350748980638396,False,cerrada,-1.0,3.0,cerrada,-1.0,,cerrada,-1.0,,cerrada,stop,2026-10-08,stop,2026-10-08,3.0,2026-10-08,3.0
2026-10-05,ECL,Ecolab,sp500,D,recuperación del nivel barrido con volumen,True,277.07,266.1116,294.5475,320.1608,3.93,40.7,True,2,2026-08-26,False,,2,2026-10-06,278.760009765625,4.537383169221253,0.3146625182532058,-0.23402325094659737,False,abierta,0.24271642550544215,4.0,abierta,0.24271642550544215,266.1116,abierta,0.24271642550544215,266.1116,abierta,,,,,,,
2026-10-05,EME,Emcor,sp500,D,ruptura de directriz (sin R/R),False,779.2,718.1779,864.83,918.09,2.28,12.4,True,2,2026-08-17,False,,1,2026-10-06,786.1799926757812,8.649684971546348,0.706595722311964,-0.35881194855634546,False,abierta,0.048087042656771196,4.0,abierta,0.048087042656771196,718.1779,abierta,0.048087042656771196,718.1779,abierta,,,,,,,
2026-10-05,EMR,Emerson Electric,sp500,D,ruptura de directriz (sin R/R),False,162.33,143.4231,165.7878,182.8162,1.08,18.4,False,1,2026-08-12,False,,1,2026-10-06,163.25,12.145114854517608,0.1003689680769088,-0.3530556970580374,False,abierta,-0.07161977762258916,4.0,abierta,-0.07161977762258916,143.4231,abierta,-0.07161977762258916,143.4231,abierta,,,,,,,
2026-10-05,EXPD,Expeditors International,sp500,D,ruptura de directriz,True,194.12,182.3425,194.59,229.5746,3.01,44.1,False,3,2026-09-15,False,,1,2026-10-06,193.5399932861328,5.785622442167934,0.19513410381667956,-0.28131241662679873,True,abierta,-0.02679062048112684,4.0,abierta,-0.02679062048112684,182.3425,cerrada,0.0,,abierta,,,,,,2026-10-09,4.0
2026-10-05,XOM,ExxonMobil,sp500,D,ruptura de directriz,True,164.0,154.9717,169.64,191.4082,3.04,33.2,False,1,2026-09-15,False,,1,2026-10-06,163.05999755859375,4.9603199311267705,0.8914121496688278,-0.014835645736105015,True,abierta,0.7269768254958724,4.0,abierta,0.7269768254958724,154.9717,abierta,0.7269768254958724,163.05999755859375,abierta,,,,,,,
2026-10-05,FDS,FactSet,sp500,D,ruptura de directriz,True,276.44,248.9829,320.48,376.2312,3.63,60.2,True,4,2026-09-03,False,,1,2026-10-06,275.5299987792969,9.634921386749415,0.6153211539566499,-0.15632570364791823,False,abierta,0.4388424510466577,4.0,abierta,0.4388424510466577,248.9829,abierta,0.4388424510466577,248.9829,abierta,,,,,,,
2026-10-05,BEN,Franklin Resources,sp500,D,recuperación del nivel barrido con volumen,True,32.88,31.3665,35.9135,45.6625,8.45,49.0,True,3,2026-08-05,False,,2,2026-10-06,32.97999954223633,4.892357685360114,0.061978504611011544,-0.8211956811306906,False,abierta,-0.6073751597586678,4.0,abierta,-0.6073751597586678,31.3665,abierta,-0.6073751597586678,31.3665,abierta,,,,,,,
2026-10-05,HSIC,Henry Schein,sp500,D,recuperación del nivel barrido con volumen,True,84.23,82.9704,92.18,106.78,17.9,59.0,True,3,2026-08-04,False,,3,2026-10-06,84.77999877929688,2.134464266752004,0.8952275858693308,-2.9896107880979605,False,cerrada,-2.6691009555893896,3.0,cerrada,-2.6691009555893896,,cerrada,-2.6691009555893896,,cerrada,stop,2026-10-08,stop,2026-10-08,3.0,2026-10-08,3.0
2026-10-05,JCI,Johnson Controls,sp500,W,ruptura de directriz (sin R/R),False,156.85,133.2935,156.6215,224.8315,2.89,25.4,False,2,2026-08-07,False,,1,2026-10-06,157.6699981689453,15.46045439971757,0.11240357307165308,-0.25885578457009195,True,abierta,-0.009435142240080564,4.0,abierta,-0.009435142240080564,133.2935,cerrada,-0.03651055141227221,,abierta,,,,,,2026-10-07,2.0
2026-10-05,KDP,Keurig Dr Pepper,sp500/nasdaq100,D,recuperación del nivel barrido con volumen,True,30.89,29.8539,32.9312,35.5471,4.49,64.5,True,4,2026-09-03,False,,2,2026-10-06,30.979999542236328,3.634924334653621,0.7858987555614382,-0.42624965576586044,False,abierta,0.6926569609437006,4.0,abierta,0.6926569609437006,29.8539,abierta,0.6926569609437006,29.8539,abierta,,,,,,,
2026-10-05,KLAC,KLA Corporation,sp500/nasdaq100,D,ruptura de directriz (sin R/R),False,206.85,163.9869,237.4516,271.557,1.51,0.5,False,1,2026-07-14,False,,1,2026-10-06,207.33999633789062,20.90918158754111,0.007381417966657745,-0.374829051963181,False,abierta,-0.27149131222225753,4.0,abierta,-0.27149131222225753,163.9869,abierta,-0.27149131222225753,163.9869,abierta,,,,,,,
2026-10-05,KLAC,KLA Corporation,sp500/nasdaq100,W,ruptura de directriz (sin R/R),False,206.85,160.3034,307.023,418.3263,4.54,56.7,False,3,2026-07-03,False,,0,2026-10-06,207.33999633789062,22.685732212147652,0.006803369060124067,-0.3454756777736852,False,abierta,-0.2502304573468997,4.0,abierta,-0.2502304573468997,160.3034,abierta,-0.2502304573468997,160.3034,abierta,,,,,,,
2026-10-05,MPC,Marathon Petroleum,sp500,D,ruptura de directriz (sin R/R),False,433.47,376.1004,431.08,572.2506,2.42,23.1,False,2,2026-09-21,False,,1,2026-10-06,428.45001220703125,12.218371038751522,0.7937001725230288,-0.023877922821214478,True,abierta,0.5077398943691807,4.0,abierta,0.5077398943691807,376.1004,abierta,0.5077398943691807,428.45001220703125,abierta,,,,,,,
2026-10-05,MAR,Marriott International,sp500/nasdaq100,W,recuperación del nivel barrido con volumen + ruptura de directriz,True,355.89,316.8172,410.1465,528.3929,4.41,59.1,True,4,2026-06-19,False,,1,2026-10-06,357.5199890136719,11.384758968572063,0.2176758911082135,-0.07124803893684735,False,abierta,0.2053917206099203,4.0,abierta,0.2053917206099203,316.8172,abierta,0.2053917206099203,316.8172,abierta,,,,,,,
2026-10-05,MA,Mastercard,sp500,D,recuperación del nivel barrido con volumen,True,564.59,542.9926,601.23,682.8974,5.48,66.4,True,3,2026-08-25,False,,2,2026-10-06,563.5,3.639290150842939,1.3546343903603115,-0.06631681010574245,False,abierta,1.2502811008922412,4.0,abierta,1.2502811008922412,563.5,abierta,1.2502811008922412,542.9926,abierta,,,,,,,
2026-10-05,NTRS,Northern Trust,sp500,D,recuperación del nivel barrido con volumen,True,170.67,165.2282,194.8609,220.3409,9.13,64.0,True,3,2026-08-13,False,,2,2026-10-06,170.3300018310547,2.995245568138388,0.14308586489886255,-0.8467610987794228,False,abierta,-0.41553850725504,4.0,abierta,-0.41553850725504,165.2282,abierta,-0.41553850725504,165.2282,abierta,,,,,,,
2026-10-05,OXY,Occidental Petroleum,sp500,D,recuperación del nivel barrido con volumen + ruptura de directriz,True,58.31,54.3634,63.77,70.9782,3.21,53.0,True,4,2026-09-15,False,,1,2026-10-06,57.529998779296875,5.504256642599529,1.0737077106540966,-0.003157432384099886,False,abierta,0.8147548871434735,4.0,abierta,0.8147548871434735,57.529998779296875,abierta,0.8147548871434735,54.3634,abierta,,,,,,,
2026-10-05,PLTR,Palantir Technologies,sp500/nasdaq100,W,ruptura de directriz (sin R/R),False,189.4,102.3056,207.52,293.56,1.2,6.0,False,0,2025-11-07,False,,1,2026-10-06,191.0449981689453,46.4494747412707,0.20571476998365432,-0.010513916890108782,True,abierta,0.20289753203570204,4.0,abierta,0.20289753203570204,102.3056,abierta,0.20289753203570204,191.0449981689453,abierta,,,,,,,
2026-10-05,PH,Parker Hannifin,sp500,D,ruptura de directriz,True,975.68,906.1578,1097.7291,1195.7672,3.17,31.8,True,2,2026-08-06,False,,1,2026-10-06,980.0,7.534918367346943,0.16250870098669856,-0.5709468724459892,False,abierta,-0.23617934516314842,4.0,abierta,-0.23617934516314842,906.1578,abierta,-0.23617934516314842,906.1578,abierta,,,,,,,
2026-10-05,PSX,Phillips 66,sp500,D,ruptura de directriz,True,269.72,246.3117,277.12,362.3963,3.96,48.8,False,3,2026-09-18,False,,1,2026-10-06,266.75,7.661968134957825,0.9699439350118712,-0.023485856765392672,True,abierta,0.5592438057852782,4.0,abierta,0.5592438057852782,246.3117,abierta,0.5592438057852782,266.75,abierta,,,,,,,
2026-10-05,PGR,Progressive Corporation,sp500,W,recuperación del nivel barrido con volumen (sin R/R),False,212.62,198.108,239.2645,252.4373,2.74,24.7,True,2,2026-07-10,False,,2,2026-10-06,211.99000549316406,6.548424516933986,0.5888909781079091,-0.046823865297670623,False,abierta,0.3918732913119801,4.0,abierta,0.3918732913119801,198.108,abierta,0.3918732913119801,198.108,abierta,,,,,,,
2026-10-05,DGX,Quest Diagnostics,sp500,D,ruptura de directriz,True,232.22,225.9092,248.84,290.4049,9.22,51.0,True,2,2026-09-21,False,,0,2026-10-06,229.9199981689453,1.744432063712082,0.5410389846457766,-1.0322133438933674,False,cerrada,-1.0,1.0,cerrada,-1.0,,cerrada,-1.0,,cerrada,stop,2026-10-06,stop,2026-10-06,1.0,2026-10-06,1.0
2026-10-05,ROK,Rockwell Automation,sp500,D,ruptura de directriz (sin R/R),False,455.18,404.3701,487.8473,549.37,1.85,35.3,True,2,2026-08-03,False,,1,2026-10-06,457.9200134277344,11.694163141481749,0.042577076849502904,-0.5957063676136766,False,abierta,-0.4730169568626214,4.0,abierta,-0.4730169568626214,404.3701,abierta,-0.4730169568626214,404.3701,abierta,,,,,,,
2026-10-05,TEL,TE Connectivity,sp500,W,ruptura de directriz (sin R/R),False,218.93,186.118,250.609,325.9974,3.26,29.3,True,1,2026-04-24,False,,1,2026-10-06,221.97999572753906,16.15550789160142,0.04294263366216607,-0.3315487369967504,False,abierta,-0.10289450897939378,4.0,abierta,-0.10289450897939378,186.118,abierta,-0.10289450897939378,186.118,abierta,,,,,,,
2026-10-05,TER,Teradyne,sp500,W,ruptura de directriz (sin R/R),False,444.53,288.4584,487.7226,718.9514,1.76,24.8,True,2,2026-07-03,False,,0,2026-10-06,445.07000732421875,35.18808384006258,0.01870865592813662,-0.3589772315171759,False,abierta,-0.27066968644719486,4.0,abierta,-0.27066968644719486,288.4584,abierta,-0.27066968644719486,288.4584,abierta,,,,,,,
2026-10-05,USB,U.S. Bancorp,sp500,D,recuperación del nivel barrido con volumen,True,57.27,55.7674,65.4663,70.1022,8.54,54.0,True,3,2026-08-17,False,,2,2026-10-06,57.540000915527344,3.0806410971901808,0.14103569382712747,-1.0775126147578977,False,cerrada,-1.0,3.0,cerrada,-1.0,,cerrada,-1.0,,cerrada,stop,2026-10-08,stop,2026-10-08,3.0,2026-10-08,3.0
2026-10-05,UNH,UnitedHealth Group,sp500,D,ruptura de directriz,True,378.58,360.3952,458.7949,568.4362,10.44,69.0,False,3,2026-07-16,False,,2,2026-10-06,379.0299987792969,4.916444302380307,0.45398888151543165,-0.5650717726555556,False,abierta,0.014488431931544688,4.0,abierta,0.014488431931544688,360.3952,abierta,0.014488431931544688,360.3952,abierta,,,,,,,
2026-10-05,VLO,Valero Energy,sp500,D,ruptura de directriz (sin R/R),False,419.33,366.6014,419.04,552.1759,2.52,15.6,False,1,2026-09-21,False,,0,2026-10-06,416.25,11.927591591591588,0.6751446972053972,-0.056799332191013456,True,abierta,0.3524772098306902,4.0,abierta,0.3524772098306902,366.6014,abierta,0.3524772098306902,416.25,abierta,,,,,,,
2026-10-05,WDC,Western Digital,sp500,W,recuperación del nivel barrido con volumen (sin R/R),False,441.64,377.4592,799.6133,1167.4939,11.31,59.0,True,3,2026-06-19,False,,3,2026-10-06,426.6000061035156,11.519176136999743,0.07590393329919655,-0.8259937016984902,False,abierta,-0.5966529580824509,4.0,abierta,-0.5966529580824509,377.4592,abierta,-0.5966529580824509,377.4592,abierta,,,,,,,
2026-10-05,WSM,"Williams-Sonoma, Inc.",sp500,D,ruptura de directriz (sin R/R),False,238.7,214.9382,254.89,306.6108,2.86,27.3,False,1,2026-08-11,False,,1,2026-10-06,240.6999969482422,10.702865506800052,0.22242220676807398,-0.22785658659529293,False,abierta,0.04192261251125106,4.0,abierta,0.04192261251125106,214.9382,abierta,0.04192261251125106,214.9382,abierta,,,,,,,
2026-10-05,TEAM,Atlassian,nasdaq100,D,ruptura de directriz (sin R/R),False,196.65,165.7361,200.0,293.64,3.14,47.7,True,4,2026-09-22,False,,1,2026-10-06,198.84500122070312,16.650607768587918,0.2573686876893237,-0.23815331273831034,True,abierta,0.23996544048588514,4.0,abierta,0.23996544048588514,165.7361,abierta,0.23996544048588514,198.84500122070312,abierta,,,,,,,
2026-10-05,BKT.MC,Bankinter,ibex35,D,recuperación del nivel barrido con volumen,True,15.73,15.2934,17.02,19.1529,7.84,59.0,True,3,2026-08-25,False,,2,2026-10-06,15.920000076293945,3.9359301086122414,0.11171351149242614,-1.2049154524627586,False,cerrada,-1.0,2.0,cerrada,-1.0,,cerrada,-1.0,,cerrada,stop,2026-10-07,stop,2026-10-07,2.0,2026-10-07,2.0
2026-10-05,CABK.MC,CaixaBank,ibex35,D,recuperación del nivel barrido con volumen,True,12.22,11.6524,13.555,14.81,4.56,69.8,True,4,2026-09-07,False,,1,2026-10-06,12.3149995803833,5.3804271454362285,0.26411153269011906,-0.9281620292641883,False,abierta,-0.7017800986903454,4.0,abierta,-0.7017800986903454,11.6524,abierta,-0.7017800986903454,11.6524,abierta,,,,,,,
2026-10-05,CABK.MC,CaixaBank,ibex35,W,recuperación del nivel barrido con volumen,True,12.22,11.5709,13.555,20.7196,13.09,51.0,True,2,2026-09-11,False,,3,2026-10-06,12.3149995803833,6.042221727466278,0.23518383204129362,-0.8265019727619859,False,abierta,-0.6249152817342588,4.0,abierta,-0.6249152817342588,11.5709,abierta,-0.6249152817342588,11.5709,abierta,,,,,,,
2026-10-05,ELE.MC,Endesa,ibex35,D,ruptura de directriz,True,42.1,41.1206,43.8,50.1229,8.19,54.0,False,3,2026-09-17,False,,0,2026-10-06,42.400001525878906,3.0174563203683338,0.5236809206437735,-0.8363282934879784,False,abierta,-0.22666919623073256,4.0,abierta,-0.22666919623073256,41.1206,abierta,-0.22666919623073256,41.1206,abierta,,,,,,,
2026-10-05,MAP.MC,Mapfre,ibex35,D,recuperación del nivel barrido con volumen,True,4.26,4.1167,4.616,5.2854,7.15,64.0,True,3,2026-07-22,False,,2,2026-10-06,4.296000003814697,4.173649991980572,0.07808108570545472,-0.5911876427163206,False,abierta,-0.5019528760350935,4.0,abierta,-0.5019528760350935,4.1167,abierta,-0.5019528760350935,4.1167,abierta,,,,,,,
2026-10-05,IFX.DE,Infineon,europe_tech,D,ruptura de directriz (sin R/R),False,63.47,52.7455,72.62,90.09,2.48,23.4,False,2,2026-07-15,False,,0,2026-10-06,64.05999755859375,17.662344660948076,0.05921657544845651,-0.5205710071654733,False,abierta,-0.4595870847391373,4.0,abierta,-0.4595870847391373,52.7455,abierta,-0.4595870847391373,52.7455,abierta,,,,,,,
2026-10-05,IFX.DE,Infineon,europe_tech,W,ruptura de directriz (sin R/R),False,63.47,51.6432,88.83,119.0869,4.7,49.5,False,2,2026-06-26,False,,0,2026-10-06,64.05999755859375,19.383075291622482,0.05395962970147067,-0.4743573664508953,False,abierta,-0.41878728582823954,4.0,abierta,-0.41878728582823954,51.6432,abierta,-0.41878728582823954,51.6432,abierta,,,,,,,
2026-10-05,STMPA.PA,STMicroelectronics,europe_tech,D,ruptura de directriz (sin R/R),False,50.87,40.704,63.4882,79.3141,2.8,30.0,True,2,2026-07-14,False,,0,2026-10-06,51.540000915527344,21.024448434308827,0.08028782377067807,-0.4798819050936183,False,abierta,-0.46096366967120594,4.0,abierta,-0.46096366967120594,40.704,abierta,-0.46096366967120594,40.704,abierta,,,,,,,
2026-10-05,STMPA.PA,STMicroelectronics,europe_tech,W,ruptura de directriz (sin R/R),False,50.87,39.9339,70.7033,96.6279,4.18,46.9,False,2,2026-06-26,False,,0,2026-10-06,51.540000915527344,22.518627685997572,0.07496048313011207,-0.4480402850868355,False,abierta,-0.43037733196851796,4.0,abierta,-0.43037733196851796,39.9339,abierta,-0.43037733196851796,39.9339,abierta,,,,,,,
2026-10-05,DSY.PA,Dassault Systèmes,europe_tech,D,recuperación del nivel barrido con volumen,True,21.4,19.7776,23.18,26.275,3.0,49.0,True,3,2026-08-28,False,,1,2026-10-06,21.440000534057617,7.75373364108308,0.42107713589471146,-0.09624626805284935,False,abierta,0.18647700093414338,4.0,abierta,0.18647700093414338,19.7776,abierta,0.18647700093414338,19.7776,abierta,,,,,,,
2026-10-05,QQQ,Nasdaq 100,etfs,W,ruptura de directriz (sin R/R),False,756.2,654.1707,747.0498,1007.9059,2.47,10.3,False,1,2026-06-05,False,,3,2026-10-06,760.52001953125,13.983763319839873,0.02200264026724607,-0.1625778062211244,True,abierta,-0.08697751937455465,4.0,abierta,-0.08697751937455465,654.1707,cerrada,-0.06328241246460138,,abierta,,,,,,2026-10-07,2.0
2026-10-05,IWM,Russell 2000,etfs,D,recuperación del nivel barrido con volumen,True,283.38,274.5376,304.385,331.5554,5.45,69.2,True,4,2026-08-14,False,,3,2026-10-06,284.3999938964844,3.4677897707951715,0.024336966711366557,-1.0017856705494597,False,cerrada,-1.0,3.0,cerrada,-1.0,,cerrada,-1.0,,cerrada,stop,2026-10-08,stop,2026-10-08,3.0,2026-10-08,3.0
2026-10-05,EWP,España,etfs,D,recuperación del nivel barrido con volumen,True,58.57,57.3556,63.44,67.2301,7.13,64.0,True,3,2026-08-26,False,,3,2026-10-06,58.79999923706055,2.456461319390913,0.2353920881873458,-1.0869568845932656,False,cerrada,-1.0,2.0,cerrada,-1.0,,cerrada,-1.0,,cerrada,stop,2026-10-07,stop,2026-10-07,2.0,2026-10-07,2.0
2026-10-05,EUFN,Bancos europeos,etfs,D,recuperación del nivel barrido con volumen,True,39.16,38.3224,43.07,46.0212,8.19,69.0,True,3,2026-09-03,False,,3,2026-10-06,39.5,2.9812658227848057,0.14435985813970173,-1.1209236538928504,False,cerrada,-1.044496893882753,2.0,cerrada,-1.044496893882753,,cerrada,-1.044496893882753,,cerrada,stop,2026-10-07,stop,2026-10-07,2.0,2026-10-07,2.0
2026-10-06,CVX,Chevron Corporation,sp500,D,ruptura de directriz,True,207.58,200.9228,217.78,255.2056,7.15,51.0,False,2,2026-09-15,False,,1,2026-10-07,208.44000244140625,3.6064106473609288,0.7023887969563765,-0.4762412425313068,False,abierta,0.4709189773357468,3.0,abierta,0.4709189773357468,200.9228,abierta,0.4709189773357468,200.9228,abierta,,,,,,,
2026-10-06,CIEN,Ciena,sp500,W,ruptura de directriz (sin R/R),False,443.65,295.919,637.51,899.9,3.09,57.4,True,4,2026-06-05,False,,1,2026-10-07,428.9800109863281,31.017997943631197,0.19350671749770654,-0.0591459930781246,False,abierta,0.15624395060007393,3.0,abierta,0.15624395060007393,295.919,abierta,0.15624395060007393,295.919,abierta,,,,,,,
2026-10-06,KO,Coca-Cola Company (The),sp500,D,recuperación del nivel barrido con volumen,True,86.17,84.824,91.9414,103.439,12.83,54.0,True,3,2026-08-24,False,,3,2026-10-07,86.7300033569336,2.1976285981328987,0.9129038820628645,-0.5561402523936957,False,abierta,0.6925484627413523,3.0,abierta,0.6925484627413523,84.824,abierta,0.6925484627413523,84.824,abierta,,,,,,,
2026-10-06,CEG,Constellation Energy,sp500/nasdaq100,W,ruptura de directriz (sin R/R),False,300.4,221.3606,410.4058,526.2746,2.86,22.3,False,1,2025-10-17,False,,1,2026-10-07,290.42498779296875,23.78045646754119,0.23984868281265917,-0.14862919167010158,False,abierta,0.11069408961051151,3.0,abierta,0.11069408961051151,221.3606,abierta,0.11069408961051151,221.3606,abierta,,,,,,,
2026-10-06,DELL,Dell Technologies,sp500,D,ruptura de directriz,True,574.0,513.0406,595.51,888.7949,5.16,33.8,False,1,2026-09-18,False,,1,2026-10-07,563.27001953125,8.917467251860943,0.6328955883626286,-0.05753629397686934,False,abierta,0.45371772638473534,3.0,abierta,0.45371772638473534,513.0406,abierta,0.45371772638473534,513.0406,abierta,,,,,,,
2026-10-06,EME,Emcor,sp500,W,ruptura de directriz (sin R/R),False,824.52,654.1727,951.4685,1300.3869,2.79,35.0,True,2,2026-05-08,False,,1,2026-10-07,806.5700073242188,18.89449222514411,0.0,-0.29390268643037754,False,abierta,-0.11233791080550681,3.0,abierta,-0.11233791080550681,654.1727,abierta,-0.11233791080550681,654.1727,abierta,,,,,,,
2026-10-06,HST,Host Hotels & Resorts,sp500,D,ruptura de directriz,True,22.48,21.2341,25.4809,29.3083,5.48,45.4,False,1,2026-07-30,False,,1,2026-10-07,22.459999084472656,5.4581439645746,0.21208942251040205,-0.27734603079952125,False,abierta,0.15498872334940175,3.0,abierta,0.15498872334940175,21.2341,abierta,0.15498872334940175,21.2341,abierta,,,,,,,
2026-10-06,JBL,Jabil,sp500,W,recuperación del nivel barrido con volumen,True,309.19,276.4003,428.8373,604.7845,9.01,64.0,True,3,2026-06-19,False,,2,2026-10-07,302.17999267578125,8.531237441467908,0.19899402787031242,-0.35764589348130077,False,abierta,0.1590401466409792,3.0,abierta,0.1590401466409792,276.4003,abierta,0.1590401466409792,276.4003,abierta,,,,,,,
2026-10-06,LIN,Linde plc,sp500/nasdaq100,W,ruptura de directriz,True,489.95,448.9976,546.4006,616.5917,3.09,41.5,False,2,2026-07-10,False,,1,2026-10-07,490.5400085449219,8.468709548921042,0.0002402183310118848,-0.2777886249046702,False,abierta,-0.16392880906820212,3.0,abierta,-0.16392880906820212,448.9976,abierta,-0.16392880906820212,448.9976,abierta,,,,,,,
2026-10-06,ROST,Ross Stores,sp500/nasdaq100,D,recuperación del nivel barrido con volumen,True,224.21,220.4777,256.5043,272.7465,13.0,54.0,True,3,2026-08-03,False,,3,2026-10-07,223.63999938964844,1.4140133242169965,1.2522554717083356,-1.120830964890366,False,cerrada,-1.0,3.0,cerrada,0.0,,cerrada,-1.0,,cerrada,stop,2026-10-09,stop protegido,2026-10-08,2.0,2026-10-09,3.0
2026-10-06,TGT,Target Corporation,sp500,D,recuperación del nivel barrido con volumen,True,154.33,149.7323,170.75,205.7393,11.18,51.0,True,2,2026-08-24,False,,3,2026-10-07,154.02000427246094,2.7838619358015286,0.48510851002811123,-0.8302805726269198,False,abierta,-0.0886266539540042,3.0,abierta,-0.0886266539540042,149.7323,abierta,-0.0886266539540042,149.7323,abierta,,,,,,,
2026-10-06,V,Visa Inc.,sp500,D,ruptura de directriz,True,370.64,355.2637,385.57,439.0134,4.45,51.2,False,3,2026-08-26,False,,1,2026-10-07,369.7200012207031,3.9100673950483715,1.1842583283108143,-0.00830054073691081,True,abierta,1.0881075834115068,3.0,abierta,1.0881075834115068,369.7200012207031,abierta,1.0881075834115068,369.7200012207031,abierta,,,,,,,
2026-10-06,VST,Vistra Corp.,sp500,W,recuperación del nivel barrido con volumen (sin R/R),False,160.5,129.7966,218.5504,313.7825,4.99,46.0,True,2,2025-09-26,False,,2,2026-10-07,154.77000427246094,16.13581674941168,0.5597153144870167,-0.03003194886117517,False,abierta,0.26868549365043815,3.0,abierta,0.26868549365043815,129.7966,abierta,0.26868549365043815,129.7966,abierta,,,,,,,
2026-10-06,ZBRA,Zebra Technologies,sp500,D,ruptura de directriz (sin R/R),False,385.78,335.9638,386.23,522.86,2.75,16.8,False,1,2026-08-12,False,,2,2026-10-07,381.1099853515625,11.845972839026118,0.17487678017023767,-0.06711527797313681,True,abierta,0.1344522749142673,3.0,abierta,0.1344522749142673,335.9638,cerrada,-0.018162704118970387,,abierta,,,,,,2026-10-08,2.0
2026-10-06,GRF.MC,Grifols,ibex35,D,ruptura de directriz (sin R/R),False,9.884,9.1748,10.805,11.6822,2.54,23.7,False,2,2026-07-29,False,,1,2026-10-07,9.855999946594238,6.911525469616394,0.208455974012049,-0.2524955150031773,False,abierta,0.03523219278960916,3.0,abierta,0.03523219278960916,9.1748,abierta,0.03523219278960916,9.1748,abierta,,,,,,,
2026-10-06,PUIG.MC,Puig,ibex35,D,ruptura de directriz (sin R/R),False,18.27,16.5964,18.66,20.7516,1.48,17.4,False,0,2026-09-01,False,,1,2026-10-07,18.1299991607666,8.45890365006369,0.13041267109162896,-0.1630152170108336,False,abierta,-0.032602545919204654,3.0,abierta,-0.032602545919204654,16.5964,abierta,-0.032602545919204654,16.5964,abierta,,,,,,,
2026-10-06,SAB.MC,Banco Sabadell,ibex35,D,recuperación del nivel barrido con volumen + ruptura de directriz (sin R/R),False,3.657,3.3763,3.77,4.379,2.57,44.9,True,4,2026-09-28,False,,0,2026-10-07,3.63700008392334,7.1679977428572075,0.0,-0.5561946077821428,False,abierta,-0.5561946077821428,3.0,abierta,-0.5561946077821428,3.3763,abierta,-0.5561946077821428,3.3763,abierta,,,,,,,
2026-10-06,UNI.MC,Unicaja,ibex35,D,recuperación del nivel barrido con volumen,True,3.396,3.2859,3.646,4.3121,8.32,67.0,True,4,2026-09-22,False,,1,2026-10-07,3.374000072479248,2.611146134757236,0.04540232929466764,-1.407491151706555,False,cerrada,-1.0,1.0,cerrada,-1.0,,cerrada,-1.0,,cerrada,stop,2026-10-07,stop,2026-10-07,1.0,2026-10-07,1.0
2026-10-06,EWP,España,etfs,W,recuperación del nivel barrido con volumen,True,58.84,57.5957,63.44,91.6944,26.4,51.0,True,2,2026-08-28,True,,4,2026-10-07,57.72999954223633,0.23263388758226358,1.638138276867602,-3.7230208805935345,False,cerrada,-1.0,1.0,cerrada,-1.0,,cerrada,-1.0,,cerrada,stop,2026-10-07,stop,2026-10-07,1.0,2026-10-07,1.0
2026-10-07,COR,Cencora,sp500,D,ruptura de directriz,True,317.25,293.0385,338.71,389.9353,3.0,46.0,True,2,2026-09-03,False,,1,2026-10-08,316.5899963378906,7.439115768128867,0.39063387204956007,-0.07175775233810956,False,abierta,0.3082610829251131,2.0,abierta,0.3082610829251131,293.0385,abierta,0.3082610829251131,293.0385,abierta,,,,,,,
2026-10-07,GDDY,GoDaddy,sp500,D,ruptura de directriz,True,97.21,90.7787,110.35,130.6,5.19,39.0,False,1,2026-09-24,False,,0,2026-10-08,97.19999694824219,6.606272787911144,1.2863448307731078,-0.027252348516787685,False,abierta,1.113482460554359,2.0,abierta,1.113482460554359,97.19999694824219,abierta,1.113482460554359,90.7787,abierta,,,,,,,
2026-10-07,RMD,ResMed|,sp500,D,ruptura de directriz,True,225.98,216.6342,242.4,278.4458,5.61,54.1,False,2,2026-09-01,False,,1,2026-10-08,225.7899932861328,4.055004011860757,0.6067205495982326,-0.3003562787033533,False,abierta,0.46528024743384333,2.0,abierta,0.46528024743384333,216.6342,abierta,0.46528024743384333,216.6342,abierta,,,,,,,
2026-10-08,AMCR,Amcor,sp500,D,recuperación del nivel barrido con volumen + ruptura de directriz,True,41.88,40.5593,48.2468,53.8808,9.09,77.0,True,4,2026-08-24,False,,1,2026-10-09,41.900001525878906,3.1997648617049377,0.018645247058440697,-0.4102352694774881,False,abierta,-0.13425829813819362,1.0,abierta,-0.13425829813819362,40.5593,abierta,-0.13425829813819362,40.5593,abierta,,,,,,,
2026-10-08,BBY,Best Buy,sp500,D,recuperación del nivel barrido con volumen + ruptura de directriz,True,88.4,82.9051,96.53,125.6846,6.79,62.0,True,4,2026-09-23,False,,0,2026-10-09,87.91999816894531,5.703933431969346,0.20339481243653176,-0.1914294273047134,False,abierta,-0.18145852658584025,1.0,abierta,-0.18145852658584025,82.9051,abierta,-0.18145852658584025,82.9051,abierta,,,,,,,
2026-10-08,CAH,Cardinal Health,sp500,D,ruptura de directriz (sin R/R),False,238.96,214.7121,257.701,294.2579,2.28,37.4,False,2,2026-08-11,False,,1,2026-10-09,237.7899932861328,9.705157465715212,0.07583014525210367,-0.061530667090768175,False,abierta,-0.009532324254495489,1.0,abierta,-0.009532324254495489,214.7121,abierta,-0.009532324254495489,214.7121,abierta,,,,,,,
2026-10-08,CAH,Cardinal Health,sp500,W,ruptura de directriz,True,238.96,212.7382,257.701,361.9804,4.69,52.5,False,3,2026-08-14,False,,0,2026-10-09,237.7899932861328,10.53525968016155,0.06985527862265639,-0.056682495848763836,False,abierta,-0.008781246092902808,1.0,abierta,-0.008781246092902808,212.7382,abierta,-0.008781246092902808,212.7382,abierta,,,,,,,
2026-10-08,CBOE,Cboe Global Markets,sp500,W,recuperación del nivel barrido con volumen (sin R/R),False,294.08,246.7009,369.3776,411.044,2.47,23.3,True,2,2026-05-22,False,,2,2026-10-09,301.5,18.17548922056385,0.11569526393482053,-0.06350489307904919,False,abierta,0.04854101001858378,1.0,abierta,0.04854101001858378,246.7009,abierta,0.04854101001858378,246.7009,abierta,,,,,,,
2026-10-08,CME,CME Group,sp500,D,ruptura de directriz,True,276.44,258.8205,288.5455,330.1255,3.05,54.2,False,3,2026-09-01,False,,1,2026-10-09,278.0,6.899100719424467,0.18352871626850917,-0.05213422911262671,False,abierta,0.1334757193145675,1.0,abierta,0.1334757193145675,258.8205,abierta,0.1334757193145675,258.8205,abierta,,,,,,,
2026-10-08,CTSH,Cognizant,sp500/nasdaq100,D,recuperación del nivel barrido con volumen,True,60.01,54.0804,65.42,83.2561,3.92,40.6,True,2,2026-09-03,False,,2,2026-10-09,60.0099983215332,9.881017309419764,0.008432789043437819,-0.19056893774986555,False,abierta,-0.13660243319556092,1.0,abierta,-0.13660243319556092,54.0804,abierta,-0.13660243319556092,54.0804,abierta,,,,,,,
2026-10-08,DLTR,Dollar Tree,sp500,W,recuperación del nivel barrido con volumen,True,118.62,108.7022,142.4,167.79,4.96,48.8,True,3,2026-01-16,False,,2,2026-10-09,118.66999816894531,8.399594103603665,0.037119807234337415,-0.15851061631416113,False,abierta,-0.003009569293882399,1.0,abierta,-0.003009569293882399,108.7022,abierta,-0.003009569293882399,108.7022,abierta,,,,,,,
2026-10-08,EXPE,Expedia Group,sp500,D,ruptura de directriz,True,270.13,251.149,341.5077,389.0513,6.27,59.0,False,3,2026-08-26,False,,1,2026-10-09,272.0899963378906,7.696349229938384,0.13776850533156654,-0.15806304080215336,False,abierta,0.10171459124695374,1.0,abierta,0.10171459124695374,251.149,abierta,0.10171459124695374,251.149,abierta,,,,,,,
2026-10-08,HCA,HCA Healthcare,sp500,W,ruptura de directriz (sin R/R),False,445.01,346.3868,553.5613,620.6088,1.78,11.9,True,1,2026-03-13,False,,1,2026-10-09,444.5799865722656,22.086731193039096,0.0795373726915773,-0.014970501233517584,False,abierta,0.06629797843289192,1.0,abierta,0.06629797843289192,346.3868,abierta,0.06629797843289192,346.3868,abierta,,,,,,,
2026-10-08,HUM,Humana,sp500,D,recuperación del nivel barrido con volumen,True,387.12,372.1885,428.88,620.6662,15.64,51.0,True,2,2026-07-16,False,,3,2026-10-09,450.489990234375,17.38140512148502,0.07675473030763026,-0.28152573100922024,True,abierta,-0.23779873232876433,1.0,abierta,-0.23779873232876433,372.1885,abierta,-0.23779873232876433,450.489990234375,abierta,,,,,,,
2026-10-08,ICE,Intercontinental Exchange,sp500,D,ruptura de directriz,True,155.35,146.6512,164.1143,190.2279,4.01,51.0,False,2,2026-09-03,False,,1,2026-10-09,155.58999633789062,5.745097080970741,0.16221389250091758,-0.060410067051627145,False,abierta,0.06712381408358763,1.0,abierta,0.06712381408358763,146.6512,abierta,0.06712381408358763,146.6512,abierta,,,,,,,
2026-10-08,LH,Labcorp,sp500,D,ruptura de directriz,True,314.2,301.0144,341.0687,396.4003,6.23,69.0,False,3,2026-08-27,False,,1,2026-10-09,313.3900146484375,3.9489498930974247,0.3866452924126393,-0.14302477747830322,False,abierta,-0.10019872040130853,1.0,abierta,-0.10019872040130853,301.0144,abierta,-0.10019872040130853,301.0144,abierta,,,,,,,
2026-10-08,LLY,Lilly (Eli),sp500,D,recuperación del nivel barrido con volumen,True,1169.6,1122.4906,1292.65,1558.1066,8.25,64.0,True,3,2026-08-19,False,,2,2026-10-09,1153.56005859375,2.693354226534612,0.8451993978612511,-0.050211965845578944,False,abierta,0.8274994834532438,1.0,abierta,0.8274994834532438,1122.4906,abierta,0.8274994834532438,1122.4906,abierta,,,,,,,
2026-10-08,MET,MetLife,sp500,W,ruptura de directriz,True,98.47,91.1784,100.93,130.6828,4.42,43.1,False,2,2026-08-07,False,,1,2026-10-09,98.0999984741211,7.055656046668567,0.13002798836769974,-0.19793045238173276,False,abierta,0.03322980346137451,1.0,abierta,0.03322980346137451,91.1784,abierta,0.03322980346137451,91.1784,abierta,,,,,,,
2026-10-08,SOLV,Solventum,sp500,D,recuperación del nivel barrido con volumen,True,86.41,84.7811,94.16,113.97,16.92,43.0,True,1,2026-09-01,False,,3,2026-10-09,86.66000366210938,2.1681324517770575,0.8355935040658947,0.010642718660709146,False,abierta,0.3353004553254703,1.0,abierta,0.3353004553254703,84.7811,abierta,0.3353004553254703,84.7811,abierta,,,,,,,
2026-10-08,SWK,Stanley Black & Decker,sp500,D,recuperación del nivel barrido con volumen,True,89.17,85.0096,103.7768,124.9787,8.61,61.0,True,2,2026-08-11,False,,2,2026-10-09,88.79000091552734,4.257687663641224,0.11903418666361641,-0.3280069737250502,False,abierta,-0.058195208820183156,1.0,abierta,-0.058195208820183156,85.0096,abierta,-0.058195208820183156,85.0096,abierta,,,,,,,
2026-10-08,VRTX,Vertex Pharmaceuticals,sp500/nasdaq100,D,recuperación del nivel barrido con volumen,True,503.25,496.0454,560.25,644.13,19.55,69.0,True,3,2026-09-03,False,,3,2026-10-09,502.1099853515625,1.2078201048553705,2.101131724116666,-0.008242573905876476,False,abierta,1.3141873283471344,1.0,abierta,1.3141873283471344,508.174570703125,abierta,1.3141873283471344,496.0454,abierta,,,,,,,
2026-10-08,DIS,Walt Disney Company (The),sp500,D,ruptura de directriz (sin R/R),False,107.02,100.6047,111.87,120.53,2.11,44.5,False,3,2026-08-24,False,,1,2026-10-09,107.22000122070312,6.169838785103261,0.17081569163949015,-0.007407614474282432,False,abierta,0.12546697472476814,1.0,abierta,0.12546697472476814,100.6047,abierta,0.12546697472476814,100.6047,abierta,,,,,,,
2026-10-08,CCEP,Coca-Cola Europacific,nasdaq100,W,recuperación del nivel barrido con volumen,True,103.64,97.7918,113.67,141.9117,6.54,54.0,True,3,2026-07-31,False,,1,2026-10-09,103.26000213623047,5.295566553462103,0.249624616969719,-0.04937715646464123,False,abierta,0.1810463181692091,1.0,abierta,0.1810463181692091,97.7918,abierta,0.1810463181692091,97.7918,abierta,,,,,,,
2026-10-08,TRI,Thomson Reuters,nasdaq100,D,ruptura de directriz (sin R/R),False,101.55,91.631,112.77,129.5552,2.82,24.1,False,0,2026-09-03,False,,1,2026-10-09,101.41999816894531,9.651940786509195,0.22065625356451551,-0.09909095945899385,False,abierta,0.18285843807857227,1.0,abierta,0.18285843807857227,91.631,abierta,0.18285843807857227,91.631,abierta,,,,,,,
2026-10-08,XLV,Salud EEUU,etfs,D,recuperación del nivel barrido con volumen,True,168.16,164.5462,175.9267,199.5995,8.7,67.0,True,4,2026-08-19,False,,3,2026-10-09,167.72999572753906,1.8981671785831484,1.038071603018621,-0.06595632165146453,False,abierta,0.9673993228941845,1.0,abierta,0.9673993228941845,167.72999572753906,abierta,0.9673993228941845,164.5462,abierta,,,,,,,
2026-10-09,ALLE,Allegion,sp500,D,recuperación del nivel barrido con volumen,True,150.48,141.0463,170.2652,188.219,4.0,43.0,True,1,2026-08-07,False,,2,,,,,,,,,,,,,,,,pendiente,,,,,,,
2026-10-09,BLK,BlackRock,sp500,D,ruptura de directriz,True,1082.39,1046.3604,1181.1088,1256.1949,4.82,29.1,False,0,2026-08-27,False,,1,,,,,,,,,,,,,,,,pendiente,,,,,,,
2026-10-09,EL,Estée Lauder Companies (The),sp500,D,ruptura de directriz (sin R/R),False,98.05,87.9015,108.0131,122.5526,2.41,46.1,False,3,2026-08-27,False,,1,,,,,,,,,,,,,,,,pendiente,,,,,,,
2026-10-09,EVRG,Evergy,sp500,W,recuperación del nivel barrido con volumen,True,80.96,76.5031,87.8862,110.01,6.52,54.0,True,3,2026-07-10,False,,1,,,,,,,,,,,,,,,,pendiente,,,,,,,
2026-10-09,GILD,Gilead Sciences,sp500/nasdaq100,D,ruptura de directriz (sin R/R),False,151.17,141.7126,154.2,176.878,2.72,37.6,False,3,2026-09-23,False,,0,,,,,,,,,,,,,,,,pendiente,,,,,,,
2026-10-09,DOC,Healthpeak Properties,sp500,D,recuperación del nivel barrido con volumen,True,18.8,18.248,22.7227,25.756,12.6,77.0,True,4,2026-07-28,False,,3,,,,,,,,,,,,,,,,pendiente,,,,,,,
2026-10-09,HLT,Hilton Worldwide,sp500,W,ruptura de directriz,True,326.56,296.3754,357.8371,462.406,4.5,43.5,False,2,2026-06-19,False,,1,,,,,,,,,,,,,,,,pendiente,,,,,,,
2026-10-09,KMI,Kinder Morgan,sp500,W,ruptura de directriz,True,32.49,29.0316,34.4876,44.9943,3.62,31.1,False,1,2026-05-22,False,,0,,,,,,,,,,,,,,,,pendiente,,,,,,,
2026-10-09,PNW,Pinnacle West Capital,sp500,W,recuperación del nivel barrido con volumen + ruptura de directriz (sin R/R),False,98.92,89.2874,110.1584,124.2983,2.63,42.2,True,3,2026-07-17,False,,0,,,,,,,,,,,,,,,,pendiente,,,,,,,
2026-10-09,VEEV,Veeva Systems,sp500,D,ruptura de directriz (sin R/R),False,296.13,255.5864,296.24,403.72,2.65,16.3,False,1,2026-08-27,False,,2,,,,,,,,,,,,,,,,pendiente,,,,,,,
2026-10-09,SAP.DE,SAP,europe_tech,D,ruptura de directriz,True,191.46,179.9686,192.12,236.78,3.94,24.7,False,0,2026-08-31,False,,0,,,,,,,,,,,,,,,,pendiente,,,,,,,
2026-10-09,SGE.L,Sage Group,europe_tech,D,ruptura de directriz (sin R/R),False,1071.5,947.2406,1112.0,1272.843,1.62,26.1,False,1,2026-08-25,False,,0,,,,,,,,,,,,,,,,pendiente,,,,,,,
2026-10-09,NEXI.MI,Nexi,europe_tech,D,ruptura de directriz,True,4.204,3.9862,4.519,5.237,4.74,65.7,False,4,2026-08-26,False,,0,,,,,,,,,,,,,,,,pendiente,,,,,,,
2026-10-09,XLF,Financiero EEUU,etfs,D,ruptura de directriz,True,54.73,52.639,58.3933,61.0372,3.02,28.1,False,1,2026-09-03,False,,2,,,,,,,,,,,,,,,,pendiente,,,,,,,
